id_coutt;prix_revient_site_eur;prix_revient_siege_eur;prix_revient_total_eur;taux_fg;cout_fg_dt;marge_sous_traitant_dt;cout_final_dt;marge_brute_eur;marge_brute_pct;marge_nette_eur;marge_nette_pct;detail_revient;nb_lignes_detail;somme_detail_revient;formule_excel_prix_euro;pu_site_calcule;ecart_prix_total_eur;statut_controle
1;15000.0;NULL;15000.0;0.05;750.0;17066.814213;48750.0;5251.32745;0.05;4501.327;0.222273;3000 + 12000;2;15000.0;SUM(O11:O12);15000.0;0.0;OK
2;8000.0;NULL;8000.0;0.05;400.0;8127.236998;26000.0;2500.688307;0.05;2100.688;0.200052;2000 + 2000 + 4000;3;8000.0;SUM(O14:O16);8000.0;0.0;OK
3;5000.0;NULL;5000.0;0.05;250.0;5688.93807;16250.0;1750.442483;0.05;1500.442;0.222273;2000 + 3000;2;5000.0;SUM(O18:O19);5000.0;0.0;OK
4;4500.0;NULL;130500.0;0.05;6525.0;160234.5693;424125.0;49302.9444;0.05;42777.944;0.237916;130500;1;130500.0;SUM(O24:O24);4500.0;0.0;OK
5;2286.735259;NULL;59455.117;0.05;2972.75585;96614.563773;193229.13025;29727.558084;0.05;26754.802;0.3;59455.116723;1;59455.116723;ROUND(K25*M25+L25*N25,3);2286.735259;0.000277;OK
6;2286.735259;NULL;32014.294;0.05;1600.7147;73526.159779;104046.4555;22623.433778;0.05;21022.719;0.384766;32014.29362;1;32014.29362;ROUND(K26*M26+L26*N26,3);2286.735259;0.00038;OK
7;2134.286241;NULL;55491.442;0.05;2774.5721;97902.759763;180347.1865;30123.926081;0.05;27349.354;0.319444;55491.442274;1;55491.442274;ROUND(K27*M27+L27*N27,3);2134.286241;-0.000274;OK
8;2134.286241;NULL;55491.442;0.05;2774.5721;77291.65263;180347.1865;23782.046963;0.05;21007.475;0.265;55491.442274;1;55491.442274;ROUND(K28*M28+L28*N28,3);2134.286241;-0.000274;OK
9;2286.735259;NULL;59455.117;0.05;2972.75585;95326.369577;193229.13025;29331.190639;0.05;26358.435;0.296875;59455.116723;1;59455.116723;ROUND(K29*M29+L29*N29,3);2286.735259;0.000277;OK
10;1333.928901;NULL;8003.573405;0.0;0.0;0.0;26011.613566;0.0;0.0;0.0;0.0;8003.573405;1;8003.573405;SUM(O31:O31);1333.928901;0.0;OK
11;1333.928901;NULL;8003.573405;0.0;0.0;0.0;26011.613566;0.0;0.0;0.0;0.0;8003.573405;1;8003.573405;SUM(O33:O33);1333.928901;0.0;OK
12;1981.837224;NULL;19818.372;0.05;990.9186;39636.745265;64409.709;12195.92162;0.05;11205.003;0.35;19818.372241;1;19818.372241;ROUND(K34*M34+L34*N34,3);1981.837224;-0.000241;OK
13;762.245086;NULL;19818.372241;0.05;990.918612;59256.933002;64409.709783;18232.902462;0.05;17241.984;0.453125;19818.372241;1;19818.372241;M35*K35;762.245086;0.0;OK
14;762.245086;NULL;19818.372241;0.05;990.918612;59256.933002;64409.709783;18232.902462;0.05;17241.984;0.453125;19818.372241;1;19818.372241;M36*K36;762.245086;0.0;OK
15;762.245086;NULL;19818.372241;0.05;990.918612;59256.933002;64409.709783;18232.902462;0.05;17241.984;0.453125;19818.372241;1;19818.372241;M37*K37;762.245086;0.0;OK
16;762.245086;NULL;10671.431207;0.05;533.57156;31907.579308;34682.151423;9817.71671;0.05;9284.145;0.453125;10671.431207;1;10671.431207;M38*K38;762.245086;0.0;OK
17;2454.429178;NULL;63815.158616;0.05;3190.757931;35425.340379;207399.265502;10900.104732;0.05;7709.347;0.103183;21800.209465 + 27745.721137 + 14269.228013;3;63815.158616;SUM(O43:S45);2454.429178;0.0;OK
18;1227.214589;NULL;31907.579308;NULL;NULL;8373.262271;103699.632751;2576.388391;NULL;NULL;NULL;10900.104732 + 13872.860569 + 7134.614007;3;31907.579308;SUM(O47:O49);1227.214589;0.0;OK
19;2606.878195;NULL;67778.833064;0.05;3388.941653;35940.618058;220281.207458;11058.65171;0.05;7669.71;0.097285;21800.209465 + 25367.516468 + 11891.023345 + 8720.083786;4;67778.833064;SUM(O51:O54);2606.878195;0.0;OK
20;1364.418704;NULL;35474.886311;NULL;NULL;11529.338051;115293.380511;3547.488631;NULL;NULL;NULL;8918.267508 + 11891.023345 + 8720.083786 + 5945.511672;4;35474.886311;SUM(O56:O59);1364.418704;0.0;OK
21;1372.041155;NULL;35673.070034;0.05;1783.653502;57968.738805;115937.477611;17836.535017;0.05;16052.882;0.3;35673.070034;1;35673.070034;SUM(O61:O61);1372.041155;0.0;OK
22;8400.0;NULL;8400.0;0.05;420.0;2730.0;27300.0;840.0;0.05;420.0;0.045455;5400 + 3000;2;8400.0;SUM(O63:O64);8400.0;0.0;OK
23;381.122543;NULL;9909.186;0.05;495.4593;6440.971371;32204.8545;1981.837345;0.05;1486.378;0.125;9909.18612;1;9909.18612;ROUND(K65*M65+L65*N65,3);381.122543;-0.00012;OK
24;1829.388207;NULL;47564.093;0.05;2378.20465;61833.322619;154583.30225;19025.637729;0.05;16647.433;0.25;47564.093378;1;47564.093378;ROUND(K66*M66+L66*N66,3);1829.388207;-0.000378;OK
25;38112.254309;NULL;114336.762928;NULL;NULL;0.0;371594.479516;0.0;NULL;NULL;NULL;114336.762928;1;114336.762928;M71*K71;38112.254309;0.0;OK
26;1676.352847;NULL;43585.174028;NULL;NULL;46047.987902;141651.815591;14168.611662;NULL;NULL;NULL;7515.73655 + 36069.437478;2;43585.174028;SUM(O74:O75);1676.352847;0.0;OK
27;1026.099154;NULL;26678.578017;NULL;NULL;37775.799328;86705.378555;11623.32287;NULL;NULL;NULL;1219.592138 + 16083.371319 + 1829.388207 + 1219.592138 + 1143.367629 + 2744.08231 + 2439.184276;7;26678.578017;SUM(O77:O83);1026.099154;0.0;OK
28;51527.767826;NULL;51527.767826;0.05;2576.388391;33493.049086;167465.245435;10305.553565;0.05;7729.165;0.125;51527.767826;1;51527.767826;SUM(O86);51527.767826;0.0;OK
29;10500.0;NULL;10500.0;0.05;525.0;8775.0;34125.0;2700.0;0.05;2175.0;0.164773;5500 + 3000 + 2000;3;10500.0;SUM(O88:O90);10500.0;0.0;OK
30;615.384615;NULL;3076.923077;0.05;153.846154;3000.0;10000.0;923.076923;0.05;769.231;0.192308;3076.923077;1;3076.923077;M91*K91;615.384615;0.0;OK
31;640.285872;NULL;1280.571745;0.05;64.028587;1248.55745;4161.858171;384.171523;0.05;320.143;0.192308;1280.571745;1;1280.571745;M92*K92;640.285872;0.0;OK
32;686.020578;NULL;1372.041155;0.05;68.602058;1337.740128;4459.133754;411.612347;0.05;343.01;0.192308;1372.041155;1;1372.041155;M93*K93;686.020578;0.0;OK
33;1676.93919;NULL;1676.93919;0.05;83.84696;1635.01571;5450.052368;503.081757;0.05;419.235;0.192308;1676.93919;1;1676.93919;M94*K94;1676.93919;0.0;OK
34;29911.79902;NULL;29911.79902;0.05;1495.589951;29164.004045;97213.346815;8973.539706;0.05;7477.95;0.192308;3963.674448 + 3170.939559 + 2652.6129 + 2774.572114 + 0 + 6000 + 2250 + 2500 + 3300 + 3300;10;29911.79902;SUM(O96:O105);29911.79902;0.0;OK
35;600.0;NULL;15600.0;0.05;780.0;12675.0;50700.0;3900.0;0.05;3120.0;0.16;15600;1;15600.0;M106*K106;600.0;0.0;OK
36;500.0;NULL;13000.0;0.05;650.0;8450.0;42250.0;2600.0;0.05;1950.0;0.125;13000;1;13000.0;M107*K107;500.0;0.0;OK
37;9440.0;NULL;9440.0;0.05;472.0;12796.554105;30680.0;3937.401263;0.05;3465.401;0.259049;4940 + 1300 + 1300 + 600 + 1300;5;9440.0;SUM(O109:O113);9440.0;0.0;OK
38;7540.0;NULL;7540.0;0.05;377.0;7248.986924;24505.0;2230.457515;0.05;1853.458;0.1897;2600 + 520 + 4420 + 0;4;7540.0;SUM(O115:O118);7540.0;0.0;OK
39;2220.0;NULL;2220.0;0.05;111.0;1937.0;7215.0;596.0;0.05;485.0;0.17223;300 + 500 + 540 + 480 + 300 + 100;6;2220.0;SUM(O120:O125);2220.0;0.0;OK
40;250.0;NULL;250.0;0.05;12.5;163.76788;812.5;50.390117;0.05;37.89;0.126136;250;1;250.0;M126*K126;250.0;0.0;OK
41;6097.960689;NULL;6097.960689;0.05;304.898034;1981.837224;19818.372239;609.796069;0.05;304.898;0.045455;6097.960689;1;6097.960689;M127*K127;6097.960689;0.0;OK
42;34344.619541;NULL;34344.619541;0.0;34344.62;0.0;34344.62;0.0;NULL;0.0;0.0;9726.2473 + 11891.023345 + 7927.348896 + 800 + 4000;5;34344.619541;SUM(O129:O133);34344.619541;0.0;OK
43;45734.705171;NULL;45734.705171;0.0;45734.705;0.0;45734.705;0.0;0.0;0.0;0.0;45734.705171;1;45734.705171;M134*K134;45734.705171;0.0;OK
