"id_ligne";"id_projet";"id_categorie";"id_personnel";"id_devise";"id_cout";"quantite_contrat";"pu_contrat_fcfa";"pu_contrat_exact";"montant_fcfa";"montant_eur";"quantite_revient";"pu_site";"pu_siege";"prix_total_eur"
"1";"1";"1";"1";"1";"1";"1.0000";"13284000.0000";"13283129.250000";"13284000.0000";"20251.327450";"1.0000";"15000.000000";NULL;"15000.000000"
"2";"1";"2";"2";"1";"2";"1.0000";"6888000.0000";"6887548.500000";"6888000.0000";"10500.688307";"1.0000";"8000.000000";NULL;"8000.000000"
"3";"1";"3";"3";"1";"3";"1.0000";"4428000.0000";"4427709.750000";"4428000.0000";"6750.442483";"1.0000";"5000.000000";NULL;"5000.000000"
"4";"1";"4";"4";"1";"4";"29.0000";"4067000.0000";"4066933.400000";"117943000.0000";"179802.944400";"29.0000";"4500.000000";NULL;"130500.000000"
"5";"1";"5";"5";"1";"5";"26.0000";"2250000.0000";"2250000.000000";"58500000.0000";"89182.675084";"26.0000";"2286.735259";NULL;"59455.117000"
"6";"1";"6";"6";"1";"6";"14.0000";"2560000.0000";"2560000.000000";"35840000.0000";"54637.727778";"14.0000";"2286.735259";NULL;"32014.294000"
"7";"1";"7";"7";"1";"7";"26.0000";"2160000.0000";"2160000.000000";"56160000.0000";"85615.368081";"26.0000";"2134.286241";NULL;"55491.442000"
"8";"1";"8";"8";"1";"8";"26.0000";"2000000.0000";"2000000.000000";"52000000.0000";"79273.488963";"26.0000";"2134.286241";NULL;"55491.442000"
"9";"1";"9";"9";"1";"9";"26.0000";"2240000.0000";"2240000.000000";"58240000.0000";"88786.307639";"26.0000";"2286.735259";NULL;"59455.117000"
"10";"1";"10";"10";"1";"10";"6.0000";"875000.0000";"874609.333333";"5250000.0000";"8003.573405";"6.0000";"1333.928901";NULL;"8003.573405"
"11";"1";"11";"11";"1";"11";"6.0000";"875000.0000";"874609.333333";"5250000.0000";"8003.573405";"6.0000";"1333.928901";NULL;"8003.573405"
"12";"1";"12";"12";"1";"12";"10.0000";"2100000.0000";"2100000.000000";"21000000.0000";"32014.293620";"10.0000";"1981.837224";NULL;"19818.372000"
"13";"1";"13";"13";"1";"13";"26.0000";"960000.0000";"960000.000000";"24960000.0000";"38051.274702";"26.0000";"762.245086";NULL;"19818.372241"
"14";"1";"14";"14";"1";"14";"26.0000";"960000.0000";"960000.000000";"24960000.0000";"38051.274702";"26.0000";"762.245086";NULL;"19818.372241"
"15";"1";"15";"15";"1";"15";"26.0000";"960000.0000";"960000.000000";"24960000.0000";"38051.274702";"26.0000";"762.245086";NULL;"19818.372241"
"16";"1";"16";"16";"1";"16";"14.0000";"960000.0000";"960000.000000";"13440000.0000";"20489.147917";"14.0000";"762.245086";NULL;"10671.431207"
"17";"1";"17";"17";"1";"17";"26.0000";"1885000.0000";"1885000.000000";"49010000.0000";"74715.263348";"26.0000";"2454.429178";NULL;"63815.158616"
"18";"1";"18";"18";"1";"18";"26.0000";"870000.0000";"870000.000000";"22620000.0000";"34483.967699";"26.0000";"1227.214589";NULL;"31907.579308"
"19";"1";"19";"19";"1";"19";"26.0000";"1989000.0000";"1989000.000000";"51714000.0000";"78837.484774";"26.0000";"2606.878195";NULL;"67778.833064"
"20";"1";"20";"20";"1";"20";"26.0000";"984500.0000";"984500.000000";"25597000.0000";"39022.374942";"26.0000";"1364.418704";NULL;"35474.886311"
"21";"1";"21";"21";"1";"21";"26.0000";"1350000.0000";"1350000.000000";"35100000.0000";"53509.605050";"26.0000";"1372.041155";NULL;"35673.070034"
"22";"1";"22";"22";"1";"22";"1.0000";"6061042.6800";"6061042.680000";"6061042.6800";"9240.000000";"1.0000";"8400.000000";NULL;"8400.000000"
"23";"1";"23";"23";"1";"23";"26.0000";"300000.0000";"300000.000000";"7800000.0000";"11891.023345";"26.0000";"381.122543";NULL;"9909.186000"
"24";"1";"24";"24";"1";"24";"26.0000";"1680000.0000";"1680000.000000";"43680000.0000";"66589.730729";"26.0000";"1829.388207";NULL;"47564.093000"
"25";"1";"25";"25";"1";"25";"3.0000";"25000000.0000";"25000000.000000";"75000000.0000";"114336.762928";"3.0000";"38112.254309";NULL;"114336.762928"
"26";"1";"26";"26";"1";"26";"26.0000";"1457076.9231";"1457076.923077";"37884000.0000";"57753.785690";"26.0000";"1676.352847";NULL;"43585.174028"
"27";"1";"27";"27";"1";"27";"26.0000";"966323.0769";"966323.076923";"25124400.0000";"38301.900887";"26.0000";"1026.099154";NULL;"26678.578017"
"28";"1";"28";"28";"1";"28";"1.0000";"40560000.0000";"40560000.000000";"40560000.0000";"61833.321391";"1.0000";"51527.767826";NULL;"51527.767826"
"29";"1";"29";"29";"1";"29";"1.0000";"8658632.4000";"8658632.400000";"8658632.4000";"13200.000000";"1.0000";"10500.000000";NULL;"10500.000000"
"30";"1";"30";"30";"1";"30";"1.0000";"2623828.0000";"2623828.000000";"2623828.0000";"4000.000000";"5.0000";"615.384615";NULL;"3076.923077"
"31";"1";"31";"31";"1";"31";"1.0000";"1092000.0000";"1092000.000000";"1092000.0000";"1664.743268";"2.0000";"640.285872";NULL;"1280.571745"
"32";"1";"32";"32";"1";"32";"2.0000";"585000.0000";"585000.000000";"1170000.0000";"1783.653502";"2.0000";"686.020578";NULL;"1372.041155"
"33";"1";"33";"33";"1";"33";"1.0000";"1430000.0000";"1430000.000000";"1430000.0000";"2180.020946";"1.0000";"1676.939190";NULL;"1676.939190"
"34";"1";"34";"34";"1";"34";"1.0000";"25507110.1350";"25507110.135000";"25507110.1350";"38885.338726";"1.0000";"29911.799020";NULL;"29911.799020"
"35";"1";"35";"35";"1";"35";"1.0000";"12791161.5000";"12791161.500000";"12791161.5000";"19500.000000";"26.0000";"600.000000";NULL;"15600.000000"
"36";"1";"36";"36";"1";"36";"1.0000";"10232929.2000";"10232929.200000";"10232929.2000";"15600.000000";"26.0000";"500.000000";NULL;"13000.000000"
"37";"1";"37";"37";"1";"37";"1.0000";"8775000.0000";"8775000.000000";"8775000.0000";"13377.401263";"1.0000";"9440.000000";NULL;"9440.000000"
"38";"1";"38";"38";"1";"38";"1.0000";"6409000.0000";"6409000.000000";"6409000.0000";"9770.457515";"1.0000";"7540.000000";NULL;"7540.000000"
"39";"1";"39";"39";"1";"39";"1.0000";"1847174.9120";"1847174.912000";"1847174.9120";"2816.000000";"1.0000";"2220.000000";NULL;"2220.000000"
"40";"1";"40";"40";"1";"40";"1.0000";"197043.0000";"196787.100000";"197043.0000";"300.390117";"1.0000";"250.000000";NULL;"250.000000"
"41";"1";"41";"41";"1";"41";"1.0000";"4400000.0000";"4400000.000000";"4400000.0000";"6707.756758";"1.0000";"6097.960689";NULL;"6097.960689"
"42";"1";"42";"42";"1";"42";"1.0000";"22528593.6000";"22528593.600000";"22528593.6000";"34344.619541";"1.0000";"34344.619541";NULL;"34344.619541"
"43";"1";"43";"43";"1";"43";"1.0000";"30000000.0000";"30000000.000000";"30000000.0000";"45734.705171";"1.0000";"45734.705171";NULL;"45734.705171"
